epoch,accuracy,loss,val_accuracy,val_loss
0,0.6878530979156494,0.6884754300117493,0.6248437762260437,1.365063190460205
